{"cameraMode":{"drawMode":0,"name":"Shaded","section":"Shading Mode"},"sceneLighting":false,"audioPlay":false,"sceneViewState":{"m_AlwaysRefresh":false,"showFog":true,"showSkybox":false,"showFlares":true,"showImageEffects":true,"showParticleSystems":true,"showVisualEffectGraphs":true,"m_FxEnabled":true},"in2DMode":false,"pivot":{"x":9.553533554077149,"y":3.88482666015625,"z":36.50946044921875},"rotation":{"x":-0.013158700428903103,"y":-0.06894564628601074,"z":-0.0009117878507822752,"w":0.9975342154502869},"size":19.534107208251954,"orthographic":true}